Workbook

Sheet Sheet1
C1: Tier | D1: Item Level | E1: Enchantment | F1: Item Stat Tier Scaler | G1: Item Stat Level Scaler | H1: Stats | I1: Stats rounded | J1: Stats + Enchant
A2: Weapon | B2: =IF(Sheet2!A1="Range",7,9) -> 7 | C2: =Sheet2!B2 -> Divine | D2: =Sheet2!C2 -> 128 | E2: =Sheet2!D2 -> 9 | F2: =SQRT(10) -> 3.1622777 | G2: 0.015 | H2: =B2*(F2^A11)*(1+G2*D2) -> 646369.55 | I2: =ROUND(H2, 2-INT(LOG10(ABS(H2)))) -> 646000 | J2: =ROUND(I2+(I2*E2^2/100), 3-INT(LOG10(ABS(I2+(I2*E2^2/100))))) -> 1169000
A3: Gloves | B3: 6 | C3: =Sheet2!B3 -> Divine | D3: =Sheet2!C3 -> 127 | E3: =Sheet2!D3 -> 8 | H3: =B3*(F2^A12)*(1+G2*D3) -> 551185 | I3: =ROUND(H3, 2-INT(LOG10(ABS(H3)))) -> 551000 | J3: =ROUND(I3+(I3*E3^2/100), 3-INT(LOG10(ABS(I3+(I3*E3^2/100))))) -> 903600
A4: Ring | B4: 6 | C4: =Sheet2!B4 -> Divine | D4: =Sheet2!C4 -> 130 | E4: =Sheet2!D4 -> 8 | H4: =B4*(F2^A13)*(1+G2*D4) -> 559723.15 | I4: =ROUND(H4, 2-INT(LOG10(ABS(H4)))) -> 560000 | J4: =ROUND(I4+(I4*E4^2/100), 3-INT(LOG10(ABS(I4+(I4*E4^2/100))))) -> 918400
A5: Helmet | B5: 45 | C5: =Sheet2!B5 -> Divine | D5: =Sheet2!C5 -> 130 | E5: =Sheet2!D5 -> 8 | H5: =B5*(F2^A14)*(1+G2*D5) -> 4197923.6 | I5: =ROUND(H5, 2-INT(LOG10(ABS(H5)))) -> 4200000 | J5: =ROUND(I5+(I5*E5^2/100), 3-INT(LOG10(ABS(I5+(I5*E5^2/100))))) -> 6888000
A6: Backpack | B6: 30 | C6: =Sheet2!B6 -> Divine | D6: =Sheet2!C6 -> 130 | E6: =Sheet2!D6 -> 8 | H6: =B6*(F2^A15)*(1+G2*D6) -> 2798615.7 | I6: =ROUND(H6, 2-INT(LOG10(ABS(H6)))) -> 2800000 | J6: =ROUND(I6+(I6*E6^2/100), 3-INT(LOG10(ABS(I6+(I6*E6^2/100))))) -> 4592000
A7: Necklace | B7: 20 | C7: =Sheet2!B7 -> Divine | D7: =Sheet2!C7 -> 130 | E7: =Sheet2!D7 -> 8 | H7: =B7*(F2^A16)*(1+G2*D7) -> 1865743.8 | I7: =ROUND(H7, 2-INT(LOG10(ABS(H7)))) -> 1870000 | J7: =ROUND(I7+(I7*E7^2/100), 3-INT(LOG10(ABS(I7+(I7*E7^2/100))))) -> 3067000
A8: Wing DMG | B8: 9 | C8: =Sheet2!B8 -> Divine | D8: =Sheet2!C8 -> 100 | E8: =Sheet2!D8 -> 10 | H8: =B8*(F2^A17)*(1+G2*(IF(D8>100,100,D8))) -> 2250000 | I8: =ROUND(H8, 2-INT(LOG10(ABS(H8)))) -> 2250000 | J8: =ROUND(I8+(I8*E8^2/100), 3-INT(LOG10(ABS(I8+(I8*E8^2/100))))) -> 4500000
A9: Wing HP | B9: 30 | C9: =Sheet2!B9 -> Divine | D9: =Sheet2!C9 -> 100 | E9: =Sheet2!D9 -> 10 | H9: =B9*(F2^A18)*(1+G2*(IF(D9>100,100,D9))) -> 7500000 | I9: =ROUND(H9, 2-INT(LOG10(ABS(H9)))) -> 7500000 | J9: =ROUND(I9+(I9*E9^2/100), 3-INT(LOG10(ABS(I9+(I9*E9^2/100))))) -> 15000000
A11: =SWITCH(C2, "Divine", 9, "Immortal", 8, "Ancient", 7, "Artifact", 6, "Mythic", 5, "Legendary", 4, "Epic", 3, "Rare", 2, "Uncommon", 1, "Common", 0) -> 9 | B11: <- Tier Value depending on D2 | G11: Total DMG | I11: =ROUND(I2+I3+I4+I8, 3-INT(LOG10(ABS(I2+I3+I4+I8)))) -> 4007000 | J11: =ROUND(J2+J3+J4+J8, 3-INT(LOG10(ABS(J2+J3+J4+J8)))) -> 7491000
A12: =SWITCH(C3, "Divine", 9, "Immortal", 8, "Ancient", 7, "Artifact", 6, "Mythic", 5, "Legendary", 4, "Epic", 3, "Rare", 2, "Uncommon", 1, "Common", 0) -> 9 | B12: <- Tier Value depending on D3 | G12: Total Health | I12: =ROUND(I6+I7+I8+I10, 3-INT(LOG10(ABS(I3+I4+I5+I9)))) -> 6920000 | J12: =ROUND(J6+J7+J8+J9, 3-INT(LOG10(ABS(J3+J4+J5+J9)))) -> 27160000
A13: =SWITCH(C4, "Divine", 9, "Immortal", 8, "Ancient", 7, "Artifact", 6, "Mythic", 5, "Legendary", 4, "Epic", 3, "Rare", 2, "Uncommon", 1, "Common", 0) -> 9 | B13: <- Tier Value depending on D4
A14: =SWITCH(C5, "Divine", 9, "Immortal", 8, "Ancient", 7, "Artifact", 6, "Mythic", 5, "Legendary", 4, "Epic", 3, "Rare", 2, "Uncommon", 1, "Common", 0) -> 9 | B14: <- Tier Value depending on D5
A15: =SWITCH(C6, "Divine", 9, "Immortal", 8, "Ancient", 7, "Artifact", 6, "Mythic", 5, "Legendary", 4, "Epic", 3, "Rare", 2, "Uncommon", 1, "Common", 0) -> 9 | B15: <- Tier Value depending on D6
A16: =SWITCH(C7, "Divine", 9, "Immortal", 8, "Ancient", 7, "Artifact", 6, "Mythic", 5, "Legendary", 4, "Epic", 3, "Rare", 2, "Uncommon", 1, "Common", 0) -> 9 | B16: <- Tier Value depending on D7
A17: =SWITCH(C8, "Divine", 10, "Immortal", 9, "Ancient", 8, "Artifact", 7, "Mythic", 6, "Legendary", 5, "Epic", 4, "Rare", 3, "Uncommon", 2, "Common", 1) -> 10 | B17: <- Tier Value depending on D8
A18: =SWITCH(C9, "Divine", 10, "Immortal", 9, "Ancient", 8, "Artifact", 7, "Mythic", 6, "Legendary", 5, "Epic", 4, "Rare", 3, "Uncommon", 2, "Common", 1) -> 10 | B18: <- Tier Value depending on D9

Sheet Sheet2
A1: Range | B1: Tier | C1: Item Level | D1: Enchantment | E1: Stats | F1: Stats with Enchantment
A2: Weapon DMG | B2: Divine | C2: 128 | D2: 9 | E2: =Sheet1!I2 -> 646000 | F2: =Sheet1!J2 -> 1169000
A3: Gloves DMG | B3: Divine | C3: 127 | D3: 8 | E3: =Sheet1!I3 -> 551000 | F3: =Sheet1!J3 -> 903600
A4: Ring DMG | B4: Divine | C4: 130 | D4: 8 | E4: =Sheet1!I4 -> 560000 | F4: =Sheet1!J4 -> 918400
A5: Helmet Health | B5: Divine | C5: 130 | D5: 8 | E5: =Sheet1!I5 -> 4200000 | F5: =Sheet1!J5 -> 6888000
A6: Backpack Health | B6: Divine | C6: 130 | D6: 8 | E6: =Sheet1!I6 -> 2800000 | F6: =Sheet1!J6 -> 4592000
A7: Necklace Health | B7: Divine | C7: 130 | D7: 8 | E7: =Sheet1!I7 -> 1870000 | F7: =Sheet1!J7 -> 3067000
A8: Wing DMG | B8: Divine | C8: 100 | D8: 10 | E8: =Sheet1!I8 -> 2250000 | F8: =Sheet1!J8 -> 4500000
A9: Wing HP | B9: Divine | C9: 100 | D9: 10 | E9: =Sheet1!I9 -> 7500000 | F9: =Sheet1!J9 -> 15000000
A10: Total DMG | E10: =Sheet1!I11 -> 4007000 | F10: =Sheet1!J11 -> 7491000
A11: Total HP | E11: =Sheet1!I12 -> 6920000 | F11: =Sheet1!J12 -> 27160000

Sheet Sheet3
B2: Base health and Damage
B3: Level | C3: Rarity | D3: Gear | E3: Stat type | F3: Stat | G3: Enchantment level | H3: Ench only | I3: Stat+Ench
B4: 130 | C4: Divine | D4: Ranged weapon | E4: Damage | F4: =If(D4="Ranged weapon",7*10^((K4-1)/2)*(1+0.015*B4),If(D4="Melee weapon",9*10^((K4-1)/2)*(1+0.015*B4),"ERROR")) -> 653010.34 | G4: 10 | H4: =F4*G4^2/100 -> 653010.34 | I4: =H4+F4 -> 1306020.7 | K4: =IF(C4="Common",1,IF(C4="Uncommon",2,IF(C4="Rare",3,IF(C4="Epic",4,IF(C4="Legendary",5,IF(C4="Mythic",6,IF(C4="Artifact",7,IF(C4="Ancient",8,IF(C4="Immortal",9,IF(C4="Divine",10,"ERROR")))))))))) -> 10
B5: 130 | C5: Divine | D5: Helmet | E5: Health | F5: =45*10^((K5-1)/2)*(1+0.015*B5) -> 4197923.6 | G5: 9 | H5: =F5*G5^2/100 -> 3400318.1 | I5: =H5+F5 -> 7598241.7 | K5: =IF(C5="Common",1,IF(C5="Uncommon",2,IF(C5="Rare",3,IF(C5="Epic",4,IF(C5="Legendary",5,IF(C5="Mythic",6,IF(C5="Artifact",7,IF(C5="Ancient",8,IF(C5="Immortal",9,IF(C5="Divine",10,"ERROR")))))))))) -> 10
B6: 130 | C6: Divine | D6: Gloves | E6: Damage | F6: =6*10^((K6-1)/2)*(1+0.015*B6) -> 559723.15 | G6: 9 | H6: =F6*G6^2/100 -> 453375.75 | I6: =H6+F6 -> 1013098.9 | K6: =IF(C6="Common",1,IF(C6="Uncommon",2,IF(C6="Rare",3,IF(C6="Epic",4,IF(C6="Legendary",5,IF(C6="Mythic",6,IF(C6="Artifact",7,IF(C6="Ancient",8,IF(C6="Immortal",9,IF(C6="Divine",10,"ERROR")))))))))) -> 10
B7: 130 | C7: Divine | D7: Back | E7: Health | F7: =30*10^((K7-1)/2)*(1+0.015*B7) -> 2798615.7 | G7: 9 | H7: =F7*G7^2/100 -> 2266878.7 | I7: =H7+F7 -> 5065494.5 | K7: =IF(C7="Common",1,IF(C7="Uncommon",2,IF(C7="Rare",3,IF(C7="Epic",4,IF(C7="Legendary",5,IF(C7="Mythic",6,IF(C7="Artifact",7,IF(C7="Ancient",8,IF(C7="Immortal",9,IF(C7="Divine",10,"ERROR")))))))))) -> 10
B8: 130 | C8: Divine | D8: Necklace | E8: Health | F8: =6*10^((K8-1)/2)*(1+0.015*B8) -> 559723.15 | G8: 8 | H8: =F8*G8^2/100 -> 358222.81 | I8: =H8+F8 -> 917945.96 | K8: =IF(C8="Common",1,IF(C8="Uncommon",2,IF(C8="Rare",3,IF(C8="Epic",4,IF(C8="Legendary",5,IF(C8="Mythic",6,IF(C8="Artifact",7,IF(C8="Ancient",8,IF(C8="Immortal",9,IF(C8="Divine",10,"ERROR")))))))))) -> 10
B9: 130 | C9: Divine | D9: Ring | E9: Damage | F9: =20*10^((K9-1)/2)*(1+0.015*B9) -> 1865743.8 | G9: 9 | H9: =F9*G9^2/100 -> 1511252.5 | I9: =H9+F9 -> 3376996.3 | K9: =IF(C9="Common",1,IF(C9="Uncommon",2,IF(C9="Rare",3,IF(C9="Epic",4,IF(C9="Legendary",5,IF(C9="Mythic",6,IF(C9="Artifact",7,IF(C9="Ancient",8,IF(C9="Immortal",9,IF(C9="Divine",10,"ERROR")))))))))) -> 10
B10: 100 | C10: Divine | D10: Wings | E10: Health | F10: =30*10^(K10/2)*(1+0.015*B10) -> 7500000 | G10: 10 | H10: =F10*G10^2/100 -> 7500000 | I10: =H10+F10 -> 15000000 | K10: =IF(C10="Common",1,IF(C10="Uncommon",2,IF(C10="Rare",3,IF(C10="Epic",4,IF(C10="Legendary",5,IF(C10="Mythic",6,IF(C10="Artifact",7,IF(C10="Ancient",8,IF(C10="Immortal",9,IF(C10="Divine",10,"ERROR")))))))))) -> 10
B11: 100 | C11: Divine | D11: Wings | E11: Damage | F11: =9*10^(K11/2)*(1+0.015*B11) -> 2250000 | G11: 10 | H11: =F11*G11^2/100 -> 2250000 | I11: =H11+F11 -> 4500000 | K11: =IF(C11="Common",1,IF(C11="Uncommon",2,IF(C11="Rare",3,IF(C11="Epic",4,IF(C11="Legendary",5,IF(C11="Mythic",6,IF(C11="Artifact",7,IF(C11="Ancient",8,IF(C11="Immortal",9,IF(C11="Divine",10,"ERROR")))))))))) -> 10
B13: 27 | C13: Epic | D13: Cloak/Cape | E13: % booster | F13: =IF(C13="Common",5+0.1*(B13-1),IF(C13="Uncommon",10+0.2*(B13-1),IF(C13="Rare",15+0.3*(B13-1),IF(C13="Epic",20+0.4*(B13-1),IF(C13="Legendary",30+0.6*(B13-1),IF(C13="Mythic",50+1*(B13-1),"you mistyped the rarity")))))) -> 30.4 | G13: 10 | H13: =F13*G13^2/100 -> 30.4 | I13: =F13+H13 -> 60.8 | M13: Assume Ranged
K14: total separate | L14: Pets | M14: multipliers
J15: Damage | K15: =SUM(sumif(E4:E11,J15,I4:I11)) -> 10196116 | L15: =F38 -> 1305925.5 | M15: =1+(J20+J22+J24)/100 -> 1.9535 | N15: =M15*(K15+L15) -> 22469238 | O15: Damage
J16: Health | K16: =SUM(sumif(E4:E11,J16,I4:I11)) -> 28581682 | L16: =G38 -> 4381021 | M16: =1+(J21+J24)/100 -> 1.608 | N16: =M16*(K16+L16) -> 53004027 | O16: Health
B18: Pets | C18: Icon | D18: Name | E18: Level | F18: Damage | G18: Health | M18: Crit Dmg | N18: =N15*(105+J26)/100 -> 95878485
B19: Common | C19: Monkey | D19: Ember Fist | E19: 125 | F19: 81 | G19: 243 | I19: % multipliers
B20: Common | C20: Sheep | D20: Magic Wool | E20: 124 | F20: 40.5 | G20: 405 | I20: Damage | J20: 12.22
B21: Common | C21: Mouse | D21: Spark Mouse | E21: 123 | F21: 121 | G21: 162 | I21: Health | M21: actual values | N21: % fault
B22: Uncommon | C22: Red bird | D22: Flame Wing | E22: 120 | F22: 357 | G22: 477 | I22: Range | J22: 22.33 | L22: Dmg | M22: 14650000 | N22: =(N15-M22)/M22 -> 0.53373637
B23: Uncommon | C23: Deer | D23: Life Horn | E23: 122 | F23: 120 | G23: 1200 | I23: Melee | J23: 0 | L23: Crit Dmg | M23: 76220000 | N23: =(N18-M23)/M23 -> 0.25791767
B24: Uncommon | C24: Snow Fox | D24: Snow Fang | E24: 116 | F24: 228 | G24: 684 | I24: Cloak | J24: =I13 -> 60.8
B25: Rare | C25: Fire Fox | D25: Blaze Trail | E25: 141 | F25: 3980 | G25: 5310
B26: Rare | C26: Polar Bear | D26: Frost Claw | E26: 140 | F26: 1328 | G26: 13280 | I26: Crit Dmg | J26: 321.71
B27: Rare | C27: Yellow cat horns | D27: Storm Eye | E27: 143 | F27: 2690 | G27: 8060
B28: Epic | C28: 3 eye purple | D28: Arcane Paw | E28: 127 | F28: 37130 | G28: 49500
B29: Epic | C29: Yeti | D29: Glacier fist | E29: 127 | F29: 24900 | G29: 74700
B30: Epic | C30: Green insect | D30: Vital Root | E30: 126 | F30: 12450 | G30: 124500
B31: Legendary | C31: Bat | D31: Echo Wing | E31: 86 | F31: 281250 | G31: 375000
B32: Legendary | C32: Green elemental | D32: Phanton Gaze | E32: 90 | F32: 195000 | G32: 585000
B33: Legendary | C33: Phoenix | D33: Star Feather | E33: 94 | F33: 98250 | G33: 982500
B34: Mythic | C34: Alien | D34: Celestial Mind | E34: 13 | F34: 324000 | G34: 432000
B35: Mythic | C35: Rabbit | D35: Halo Hare | E35: 14 | F35: 216000 | G35: 648000
B36: Mythic | C36: Dragon | D36: Radiant Talon | E36: 14 | F36: 108000 | G36: 1080000
B38: Sum | F38: =SUM(F19:F36) -> 1305925.5 | G38: =SUM(G19:G36) -> 4381021

Sheet Sheet4
A1: Crit Dmg | B1: 300
A2: Crit Defence | B2: 100
A5: Crit Multi | B5: =1.05 +(B1)/100 -> 4.05
A6: Crit Multi Eff | B6: =1+(B5-1)*(1-B2/100) -> 1
